channel_name,video_id,video_title,published_datetime,duration,view_count,like_count,dislike_count,comment_count,description,thumbnail_url
@Mrwhosetheboss,neIYdLysqlk,I tested the Craziest Xiaomi Gadgets!,2024-11-13T12:04:54Z,PT27M53S,6679521,219704,0,8890,"I'm still genuinely in shock how great some of these were üòÖ 

I spend a LOT of time trying to make my videos as concise, polished and useful as possible for you - if you would like to support me on that mission then consider subscribing to the channel - you'd make my day üòÅ

For my tech hot takes: http://twitter.com/Mrwhosetheboss
For my Personal Posts: http://instagram.com/mrwhosetheboss
Does anyone still use this anymore?: https://facebook.com/mrwhosetheboss

Amazon Affiliate links (if you buy anything through these it will support the channel and allow us to buy better gear!):
Amazon US: https://amzn.to/3mFix9d
Amazon UK: https://amzn.to/3GMPPtM

My Filming Gear:
https://bit.ly/35CuxwI

Music is from Epidemic sound:
http://share.epidemicsound.com/pHDFT",https://i.ytimg.com/vi/neIYdLysqlk/hqdefault.jpg
@Mrwhosetheboss,YX8ks42Azn8,The TRIPLE FOLDING phone has a Problem.,2024-10-26T14:06:50Z,PT12M54S,3464013,111736,0,5932,"This phone has a LOT of good....and a LOT of bad... Limited time offer! 10% off Insta360 X4 + free 3M invisible selfie stick for first 30 orders, at https://bit.ly/Mrwhosetheboss-X4
Check out my full Insta360 X4 dedicated video: https://www.youtube.com/watch?v=RRibM1yBZK4

I spend a LOT of time trying to make my videos as concise, polished and useful as possible for you - if you would like to support me on that mission then consider subscribing to the channel - you'd make my day üòÅ

For my tech hot takes: http://twitter.com/Mrwhosetheboss
For my Personal Posts: http://instagram.com/mrwhosetheboss
Does anyone still use this anymore?: https://facebook.com/mrwhosetheboss

Amazon Affiliate links (if you buy anything through these it will support the channel and allow us to buy better gear!):
Amazon US: https://amzn.to/3mFix9d
Amazon UK: https://amzn.to/3GMPPtM

My Filming Gear:
https://bit.ly/35CuxwI

Music is from Epidemic sound:
http://share.epidemicsound.com/pHDFT",https://i.ytimg.com/vi/YX8ks42Azn8/hqdefault.jpg
@Mrwhosetheboss,4RcThoRG46c,I tested every Celebrity Tech product!,2024-10-05T10:52:18Z,PT27M15S,5872358,185517,0,5921,"Celebrity tech from Ronaldo, Mbappe, Will Smith, Kim Kardashian and much more, finally put to the test üòé First 30 purchases get 10% off the Insta360 X4, plus a free Bullet Time Tripod and Invisible Selfie Stick at https://bit.ly/Mrwhosetheboss-BulletTime-X4
‚Å†Check out my full Insta360 X4 dedicated video: https://www.youtube.com/watch?v=RRibM1yBZK4

I spend a LOT of time trying to make my videos as concise, polished and useful as possible for you - if you would like to support me on that mission then consider subscribing to the channel - you'd make my day üòÅ

Credits to @hopescope for the thumbnail inspo!

For my tech hot takes: http://twitter.com/Mrwhosetheboss
For my Personal Posts: http://instagram.com/mrwhosetheboss
Does anyone still use this anymore?: https://facebook.com/mrwhosetheboss

Amazon Affiliate links (if you buy anything through these it will support the channel and allow us to buy better gear!):
Amazon US: https://amzn.to/3mFix9d
Amazon UK: https://amzn.to/3GMPPtM

My Filming Gear:
https://bit.ly/35CuxwI

Music is from Epidemic sound:
http://share.epidemicsound.com/pHDFT",https://i.ytimg.com/vi/4RcThoRG46c/hqdefault.jpg
@Mrwhosetheboss,vSIbvJB4WdI,iPhone 16 Pro Max vs Samsung S24 Ultra Camera Battle!,2024-09-19T11:44:30Z,PT16M44S,3852255,116115,0,10790,"iPhone 16 Pro / Pro Max camera test comparison vs Samsung Galaxy S24 Ultra!  For the upgraded TORRAS iPhone 16 cases and screen protector, go to Amazon https://bit.ly/47hVN1O with code boss1620 to get 20% OFF today!
Official Website: use code boss1620 https://bit.ly/3MDT5KA
#apple #iphone16 #torras #torrasiphone16 #ostand

I spend a LOT of time trying to make my videos as concise, polished and useful as possible for you - if you would like to support me on that mission then consider subscribing to the channel - you'd make my day üòÅ

For my tech hot takes: http://twitter.com/Mrwhosetheboss
For my Personal Posts: http://instagram.com/mrwhosetheboss
Does anyone still use this anymore?: https://facebook.com/mrwhosetheboss

Amazon Affiliate links (if you buy anything through these it will support the channel and allow us to buy better gear!):
Amazon US: https://amzn.to/3mFix9d
Amazon UK: https://amzn.to/3GMPPtM

My Filming Gear:
https://bit.ly/35CuxwI

Music is from Epidemic sound:
http://share.epidemicsound.com/pHDFT",https://i.ytimg.com/vi/vSIbvJB4WdI/hqdefault.jpg
@Mrwhosetheboss,cRPBp2tRxFY,iPhone 16 / 16 Pro Unboxing - Testing every new feature!,2024-09-18T12:00:50Z,PT21M40S,4292702,125122,0,8474,"Unboxing and testing the iPhone 16 Pro Max, iPhone 16 Pro, iPhone 16 Plus and iPhone 16 - as well as the AirPods 4 and a whole bunch of Apple accessories! 
Shop ESR Qi2 MagSafe Battery Pack with Kickstand: https://amzn.to/3TuoVxr
Shop ESR 3-in-1 MagSafe Charger with Qi2 & CryoBoost: https://amzn.to/4gmnKd7
Shop ESR MagSafe Car Charger with Qi2 & CryoBoost: https://amzn.to/3B5EuFp

#smartphone #iphone16 #esr #esrmagsafe #esrmagsafecharger

I spend a LOT of time trying to make my videos as concise, polished and useful as possible for you - if you would like to support me on that mission then consider subscribing to the channel - you'd make my day üòÅ

For my tech hot takes: http://twitter.com/Mrwhosetheboss
For my Personal Posts: http://instagram.com/mrwhosetheboss
Does anyone still use this anymore?: https://facebook.com/mrwhosetheboss

Amazon Affiliate links (if you buy anything through these it will support the channel and allow us to buy better gear!):
Amazon US: https://amzn.to/3mFix9d
Amazon UK: https://amzn.to/3GMPPtM

My Filming Gear:
https://bit.ly/35CuxwI

Music is from Epidemic sound:
http://share.epidemicsound.com/pHDFT",https://i.ytimg.com/vi/cRPBp2tRxFY/hqdefault.jpg
@mkbhd,z19HM7ANZlo,The M4 Mac Mini is Incredible!,2024-11-07T14:00:39Z,PT11M45S,5406225,160073,0,8128,"The new $599 M4 Mac Mini is really good. In more than one way.

MKBHD Merch: http://shop.MKBHD.com

Apple Mac Mini M4: https://geni.us/XAWA0

Tech I'm using right now: https://www.amazon.com/shop/MKBHD

Playlist of MKBHD Intro music: https://goo.gl/B3AWV5
That wallpaper: https://geni.us/aWrWc

Computer provided by Apple for review.

~
http://twitter.com/MKBHD
http://instagram.com/MKBHD
http://facebook.com/MKBHD",https://i.ytimg.com/vi/z19HM7ANZlo/hqdefault.jpg
@mkbhd,Yv_S7KrOlfk,The Tri Folding Phone Impressions!,2024-10-20T20:48:21Z,PT11M18S,4724038,168996,0,10360,"Huawei Mate XT is the tri-fold phone, a concept come to life

Shoutout to dbrand for finding a way to buy this thing. They make skins for other phones: http://dbrand.com

MKBHD Merch: http://shop.MKBHD.com

Tech I'm using right now: https://www.amazon.com/shop/MKBHD

Intro Track: http://youtube.com/20syl
Playlist of MKBHD Intro music: https://goo.gl/B3AWV5

~
http://twitter.com/MKBHD
http://instagram.com/MKBHD
http://facebook.com/MKBHD",https://i.ytimg.com/vi/Yv_S7KrOlfk/hqdefault.jpg
@mkbhd,nK9zxuXa3OA,Google Pixel 9 Pro Fold Is So Good! But‚Ä¶,2024-09-26T22:29:28Z,PT11M55S,3009494,83551,0,8588,"Pixel 9 Pro Fold is my favorite foldable I've ever used and you should totally get one, except...

Be the first to get the MKBHD x Ridge Biflex wallet at https://ridge.com/mkbhd

The wallpaper: https://panels.art/w/v4n

Google Pixel 9 Pro Fold: https://geni.us/pZmDZ8

MKBHD Merch: http://shop.MKBHD.com

Tech I'm using right now: https://www.amazon.com/shop/MKBHD

Intro Track: http://youtube.com/20syl
Playlist of MKBHD Intro music: https://goo.gl/B3AWV5

Phone provided by Google for review.

~
http://twitter.com/MKBHD
http://instagram.com/MKBHD
http://facebook.com/MKBHD",https://i.ytimg.com/vi/nK9zxuXa3OA/hqdefault.jpg
@mkbhd,MRtg6A1f2Ko,iPhone 16/16 Pro Review: Times Have Changed!,2024-09-23T23:23:20Z,PT20M41S,5641677,159951,0,18803,"iPhone 16 is here. Job finished? Job ain't finished.

Find a new wallpaper with the Panels app! https://get.panels.art/

MKBHD Merch: http://shop.MKBHD.com

Tech I'm using right now: https://www.amazon.com/shop/MKBHD

Intro Track: http://youtube.com/20syl
Playlist of MKBHD Intro music: https://goo.gl/B3AWV5

Phone provided by Apple for review.

~
http://twitter.com/MKBHD
http://instagram.com/MKBHD
http://facebook.com/MKBHD

0:00 Intro/Panels!!
2:52 What's Actually New
7:15 Camera Control
11:14 New Cameras
14:24 Barely Reviewable
18:35 So... Buy It?",https://i.ytimg.com/vi/MRtg6A1f2Ko/hqdefault.jpg
@mkbhd,h3BKjZMGoIw,iPhone 16/16 Pro Unboxing: End of an Era!,2024-09-18T12:01:27Z,PT11M21S,6429616,188043,0,12452,"iPhone 16 and 16 Pro have 1 change to the boxes. Goodbye, stickers.

Protect your smartphone‚Äôs screen perfectly and effortlessly at https://dbrand.com/store/prism

MKBHD Merch: http://shop.MKBHD.com

Tech I'm using right now: https://www.amazon.com/shop/MKBHD

Intro Track: Jordyn Edmonds https://lnk.to/jordynedmonds
Playlist of MKBHD Intro music: https://goo.gl/B3AWV5

Phones provided by Apple for review.

~
http://twitter.com/MKBHD
http://instagram.com/MKBHD
http://facebook.com/MKBHD",https://i.ytimg.com/vi/h3BKjZMGoIw/hqdefault.jpg
@unboxtherapy,hPf2qu5U6F8,The First Snapdragon ELITE Smartphone...,2024-11-14T18:05:21Z,PT8M53S,976619,26989,0,445,"The realme GT 7 Pro‚Ä¶The first Snapdragon 8 Elite flagship device. 

#realmegt7pro  #First8EliteFlagship #DarkHorseofAI @realmeglobalofficial 

Thanks to realme for partnering on this video.

FOLLOW ME IN THESE PLACES FOR UPDATES
Twitter - http://twitter.com/unboxtherapy
Instagram - http://instagram.com/unboxtherapy
TikTok - http://tiktok.com/@unboxtherapyofficial",https://i.ytimg.com/vi/hPf2qu5U6F8/hqdefault.jpg
@unboxtherapy,QptbdEci-m8,Unboxing The 8K Action Camera,2024-10-22T13:28:35Z,PT9M11S,1122896,16570,0,281,"Check out the New Ace Pro 2 Here - https://bit.ly/UnboxTherapy-AP2
@insta360; #Insta360; #Insta360AcePro2

Thanks to Insta360 for partnering on this video. 

FOLLOW ME IN THESE PLACES FOR UPDATES
Twitter - http://twitter.com/unboxtherapy
Instagram - http://instagram.com/unboxtherapy
TikTok - http://tiktok.com/@unboxtherapyofficial",https://i.ytimg.com/vi/QptbdEci-m8/hqdefault.jpg
@unboxtherapy,_ybbXIksjUk,AirPods 4 vs AirPods 4 Noise Cancellation,2024-10-02T14:06:57Z,PT10M25S,911550,22513,0,288,"Apple AirPods 4 vs Apple AirPods 4 with Active Noise Cancelling. What's the difference between the 2 new AirPods for 2024.

Thanks to EarFun for partnering on this video.
Regular price: $89.99
Discount code EAP4NCUT for 30% OFF

Amazon US: https://www.amazon.com/dp/B0D5M9SH1X
Amazon UK: https://www.amazon.co.uk/dp/B0D5M9SH1X
Amazon DE: https://www.amazon.de/dp/B0D5M9SH1X
Official web: https://www.myearfun.com/headphones/earfun-air-pro-4-adaptive-anc-true-wireless-earbuds-black

Latercase AirPods - https://latercase.com/collections/airpods-cases

FOLLOW ME IN THESE PLACES FOR UPDATES
Twitter - http://twitter.com/unboxtherapy
Instagram - http://instagram.com/unboxtherapy
TikTok - http://tiktok.com/@unboxtherapyofficial",https://i.ytimg.com/vi/_ybbXIksjUk/hqdefault.jpg
@unboxtherapy,G7o7Qz08RrI,Unboxing The Vivo V40 Pro,2024-10-01T19:14:27Z,PT8M5S,1242871,32225,0,296,"Learn more about the new Vivo V40 Pro: https://www.vivo.com/en/products/v40

Thanks to Vivo for partnering on this video.

FOLLOW ME IN THESE PLACES FOR UPDATES
Twitter - http://twitter.com/unboxtherapy
Instagram - http://instagram.com/unboxtherapy
TikTok - http://tiktok.com/@unboxtherapyofficial",https://i.ytimg.com/vi/G7o7Qz08RrI/hqdefault.jpg
@unboxtherapy,PCEmUPqSK4k,Like a Gaming Phone but HUGE,2024-09-29T14:55:46Z,PT7M32S,1165964,25220,0,565,"Learn more about The REDMAGIC Nova Gaming Tablet: https://na.redmagic.gg/pages/redmagic-nova-gaming-tablet/

Thanks to REDMAGIC for partnering on this video.

FOLLOW ME IN THESE PLACES FOR UPDATES
Twitter - http://twitter.com/unboxtherapy
Instagram - http://instagram.com/unboxtherapy
TikTok - http://tiktok.com/@unboxtherapyofficial",https://i.ytimg.com/vi/PCEmUPqSK4k/hqdefault.jpg
@Dave2D,b4x8boB2KdI,M4 MacBook Pro Review - Things to Know,2024-11-07T15:06:46Z,PT6M1S,696791,20130,0,740,"My review of the M4 Max MacBook Pro

If you'd like to support the channel, consider a Dave2D membership by clicking the ‚ÄúJoin‚Äù button above!

http://twitter.com/Dave2D
http://www.instagram.com/Dave2D
https://discord.gg/Dave2D",https://i.ytimg.com/vi/b4x8boB2KdI/hqdefault.jpg
@Dave2D,qExcc92zHfo,M4 Mac Mini Review - Apple NAILED It.,2024-11-07T14:00:49Z,PT10M35S,812313,24210,0,1526,"My review of the M4 Mac Mini from Apple

If you'd like to support the channel, consider a Dave2D membership by clicking the ‚ÄúJoin‚Äù button above!

http://twitter.com/Dave2D
http://www.instagram.com/Dave2D
https://discord.gg/Dave2D

Purchases made from store links may give me some money. 
(It doesn‚Äôt cost you extra, so please buy everything)
Follow me:
http://twitter.com/Dave2D
http://www.instagram.com/Dave2D",https://i.ytimg.com/vi/qExcc92zHfo/hqdefault.jpg
@Dave2D,1rJa-0YOkwk,"The Tiny Apple ""Phone""",2024-11-02T18:14:46Z,PT6M13S,447002,15336,0,905,"Thoughts on the TinyPod
More info - https://thetinypod.com/

If you'd like to support the channel, consider a Dave2D membership by clicking the ‚ÄúJoin‚Äù button above!

http://twitter.com/Dave2D
http://www.instagram.com/Dave2D
https://discord.gg/Dave2D",https://i.ytimg.com/vi/1rJa-0YOkwk/hqdefault.jpg
@Dave2D,tYJWcs-qnAc,"My iPhone 16 / Pro / Max ""Review""",2024-09-18T12:40:03Z,PT12M56S,1186590,25653,0,2656,"A ""review"" of Apple's  iPhone 16 / Plus and iPhone 16 Pro / Max.
With battery and performance benchmarks
Protect - www.dbrand.com/prism 

If you'd like to support the channel, consider a Dave2D membership by clicking the ‚ÄúJoin‚Äù button above!

http://twitter.com/Dave2D
http://www.instagram.com/Dave2D
https://discord.gg/Dave2D",https://i.ytimg.com/vi/tYJWcs-qnAc/hqdefault.jpg
@Dave2D,1OHZTFseggA,Apple Watch Series 10 + NEW Ultra Review,2024-09-17T12:01:59Z,PT10M52S,390679,11154,0,807,"My review of Apple Watch Series 10 and a look at the Black Ultra 2

If you'd like to support the channel, consider a Dave2D membership by clicking the ‚ÄúJoin‚Äù button above!

http://twitter.com/Dave2D
http://www.instagram.com/Dave2D
https://discord.gg/Dave2D",https://i.ytimg.com/vi/1OHZTFseggA/hqdefault.jpg
@MaryBautista,CHv-oKQcjF8,iPad Mini 7 Review: A MONTH LATER!,2024-11-15T10:00:12Z,PT12M45S,29410,516,0,90,"Download the Home Credit App here: https://hcph.info/mary_bautista

For as low as 0% interest sa mga gadgets and appliances! ü´°
-
Product Mentioned: https://beyondthebox.ph/products/ipad-mini-a17-pro-l2024

Follow me here!
Instagram: https://www.instagram.com/marybautistayt/
Facebook Page: http://www.facebook.com/marybautistayt/
Facebook Group: https://bit.ly/TechGirlMary
Tiktok: https://www.tiktok.com/@marybautistayt
Threads: https://www.threads.net/@marybautistayt

Email me for BUSINESS: inquiry@marybautista.com

Chapters
0:00 Intro
2:48 Quick Unboxing
4:25 Ultraportable Design
5:45 Liquid Retina Display
7:37 Powered by A17 Pro
9:46 Battery Life
11:11 Final Thoughts",https://i.ytimg.com/vi/CHv-oKQcjF8/hqdefault.jpg
@MaryBautista,9a42bdlFRxM,Tecno SPARK 30 Review: The GOOD and the BAD!,2024-11-06T11:00:10Z,PT10M19S,48742,635,0,41,"Follow me here!
Instagram: https://www.instagram.com/marybautistayt/
Facebook Page: http://www.facebook.com/marybautistayt/
Facebook Group: https://bit.ly/TechGirlMary
Tiktok: https://www.tiktok.com/@marybautistayt
Threads: https://www.threads.net/@marybautistayt

Email me for BUSINESS: inquiry@marybautista.com

Chapters
0:00 Intro
1:38 First-Look & Unboxing
3:10 Tranformers Edition
4:51 FHD+ Display
6:08 Overall Performance
6:59 64MP Main Camera
9:26 Final Thoughts",https://i.ytimg.com/vi/9a42bdlFRxM/hqdefault.jpg
@MaryBautista,pk9RKCRdWyc,HP EliteBook 840 G11 16‚Äù: BIG AND POWERFUL!,2024-10-31T05:00:29Z,PT7M56S,9820,257,0,44,"Watch how the EliteBook 840 G11‚Äôs features address industry professionals‚Äô diverse and challenging needs for power, security, and tool collaborations‚Äîall optimized for multitasking and elevated by advanced AI capabilities. 

Get yours now:
https://bit.ly/HP_EliteBookSeries 

#HPEliteBook840G11 #IntelCoreUltra
-
Follow me here!
Instagram: https://www.instagram.com/marybautistayt/
Facebook Page: http://www.facebook.com/marybautistayt/
Facebook Group: https://bit.ly/TechGirlMary
Tiktok: https://www.tiktok.com/@marybautistayt
Threads: https://www.threads.net/@marybautistayt

Email me for BUSINESS: inquiry@marybautista.com

Chapters
0:00 Intro
1:35 For the Business Pros
5:39 Security & Privacy
6:12 Battery Life
7:14 Final Thoughts",https://i.ytimg.com/vi/pk9RKCRdWyc/hqdefault.jpg
@MaryBautista,H17T4dH7-W0,Infinix HOT 50 Pro+ Review: THE SLIMMEST GAMING PHONE?!,2024-10-28T12:19:15Z,PT11M10S,137493,2399,0,295,"Where to get it:
HOT 50 Pro+
SRP: 8,499
TTS Promo Price: 7,299
TT: https://bit.ly/48qXVoB

HOT 50
SRP: 6,999
TTS Promo Price: 5,999
TT: https://bit.ly/3C2UZm9

Free shipping exclusively on TikTok Shop this October 29, 2024.

Follow me here!
Instagram: https://www.instagram.com/marybautistayt/
Facebook Page: http://www.facebook.com/marybautistayt/
Facebook Group: https://bit.ly/TechGirlMary
Tiktok: https://www.tiktok.com/@marybautistayt
Threads: https://www.threads.net/@marybautistayt

Email me for BUSINESS: inquiry@marybautista.com

Chapters
0:00 Intro
0:52 First-Look & Impressions
1:40 Slimmest Phone?!
4:53 3D-Curved AMOLED Display
6:52 Slimmest Budget Gaming Phone?
8:32 Triple Cameras?
9:47 Official Pricing",https://i.ytimg.com/vi/H17T4dH7-W0/hqdefault.jpg
@MaryBautista,8AuAv0eQlBI,Apple Watch Series 10 Quick Review: DON'T BUY... YET!,2024-10-20T02:00:05Z,PT10M42S,24102,282,0,52,"Follow me here!
Instagram: https://www.instagram.com/marybautistayt/
Facebook Page: http://www.facebook.com/marybautistayt/
Facebook Group: https://bit.ly/TechGirlMary
Tiktok: https://www.tiktok.com/@marybautistayt
Threads: https://www.threads.net/@marybautistayt

Email me for BUSINESS: inquiry@marybautista.com

Chapters
0:00 Intro
1:30 Case Size
2:38 What else is new?
4:57 Sleep Apnea
7:11 Fastest-Charging Apple Watch
8:51 Is this the perfect smartwatch for you?",https://i.ytimg.com/vi/8AuAv0eQlBI/hqdefault.jpg
@JerryRigEverything,FZzZatxb9KQ,NEW iPhone 16 Durability Test! - They hid all the good stuff...,2024-11-08T14:47:00Z,PT6M24S,904590,39669,0,22711,"It is time to durability test the regular iPhone 16. Its blue this year! Discover the power of fast-charging revolution with @EcoFlowTech's RAPID Magnetic Power Bank! (5000mAh): https://bit.ly/3NJFDFx  Use my code 24EFBFJRE to get an extra 7% off all Black Friday deals (Except flash sale products and recommended accessories). Valid until Dec 2nd.  EcoFlow Website: https://bit.ly/4fvxd13  EcoFlow Amazon: https://amzn.to/4feiFCN

The new iPhone this year is very similar to the last years iPhone - but whats new? The iPhone 16 has two cameras on the back and an aluminum frame. Today we are going to see how well that frame and Apples 2nd generation ceramic shield glass can handle the stress of every day life. This is an iPhone 16 durability test! And apple has recycled more than one thing this time.",https://i.ytimg.com/vi/FZzZatxb9KQ/hqdefault.jpg
@JerryRigEverything,PIun_aBsRMA,The Tri Folding Phone Durability Test! - someone has to try...,2024-10-26T13:47:00Z,PT11M41S,2298134,98020,0,7226,"The Triple Folding Smartphone From Huawei is here to be tested. Get a 4-week trial, free postage, and a digital scale at https://www.stamps.com/jerryrig. Thanks to Stamps.com for sponsoring the show! Folding smartphones and their soft flexible screens have been around for about 5 years now. Samsung has a few folding phones, Google has their Pixel fold. And now Huawei has the worlds first triple fold smartphone that is about the same size as an iPad. 
Today we are going to durability test the new tri fold smart phone called the Huawei Mate XT Ultimate Design and see how well it can hold up to every day life.",https://i.ytimg.com/vi/PIun_aBsRMA/hqdefault.jpg
@JerryRigEverything,IFthVfjoVOc,The Gaming Pad from 2030 just arrived today...,2024-10-11T15:49:09Z,PT7M23S,1389383,57128,0,23622,"The brand new Red Magic NOVA just arrived. With an internal RGB cooling fan and some specs that rival Apple's iPad Pro - its time to take a look at what Red Magic has to offer. Starting at $500 bucks - current pricing can be found here: https://na.redmagic.gg/pages/redmagic-nova-gaming-tablet

Red Magic sent me TWO of these tablets - one to teardown and one to give away - just make sure you're subscribed and leave a comment and Ill select one random winner in the comments by October 20th 2024.

What is your favorite mobile game?!",https://i.ytimg.com/vi/IFthVfjoVOc/hqdefault.jpg
@JerryRigEverything,VS66VOUmoKQ,The Scratchable Truth about BLACK TITANIUM Apple Watch Ultra 2,2024-10-05T14:08:00Z,PT5M14S,1014202,50527,0,10420,"Does the new Black Titanium Apple Watch Ultra 2 Scratch as easy as the old Jet Black iPhone 7? There is only one way to find out. Watch the original JET BLACK iPhone 7 video from 8 years ago here: https://youtu.be/8Hya-sd4sWY?si=5zl3-t8juo54qot5

And grab a JerryRigKnife HERE: https://www.JerryRigKnife.com",https://i.ytimg.com/vi/VS66VOUmoKQ/hqdefault.jpg
@JerryRigEverything,qYztDs8vPBg,iPhone 16 Pro MAX Durability Test - Apple tried hard this year...,2024-09-21T02:16:00Z,PT8M7S,3394957,109286,0,5192,"Today we durability test the new iPhone 16 Pro Max. Get protection for your iPhone HERE: http://dbrand.com/prism/iphone-16 The new iPhones are always an anticipated smartphone release. This year though - it appears that Apple has hyped up some rather minimal changes, and not even released the bulk of those at launch *cough* Apple Intelligence *cough* Hopefully this helps satisfy any fears of the new iPhone 16 pro max not being durable. Its a solid device. However - I still recommend getting a case. How durable is the iPhone 16 Pro? The answer is here. 

Watch me extract the titanium from the iPhone 15 Pro max here: https://youtu.be/PNLEXAwpCsE?si=cdFUJUbht4hDcHv1",https://i.ytimg.com/vi/qYztDs8vPBg/hqdefault.jpg
@ThisIsTechToday,CwaZ47RUjoU,AUDIO ENGINEER Reviews the APPLE AIRPODS 4,2024-11-02T13:00:20Z,PT11M22S,21886,445,0,95,"In this in-depth review, I test the new Apple AirPods 4 ANC from an audio engineer‚Äôs perspective, comparing them directly with the AirPods 3 and AirPods Pro 2. We‚Äôll dive into sound quality, mic performance, active noise cancellation (ANC), and design to see if the AirPods 4 is the best earbud of 2024. Don‚Äôt miss our mic samples and sound tests to determine which model delivers top-tier audio quality!  ü§ñ Get a dbrand Grip Case for your AirPods or Phone: https://myte.ch/YqpWP (ad)

In-scene Media brought to you by Audible.

LINKS TO BUY
‚ñ∂ Apple AirPods 4 with ANC: https://geni.us/zDEfT
‚ñ∂ Apple AirPods Pro 2 USB-C: https://geni.us/xjnb
*Most of these links are affiliate links

WATCH MORE
‚ñ∂ VLOG filmed entirely on the iPhone 16 Pro Max: https://youtu.be/TJqTr8_w588
‚ñ∂ Playlist of all of my audio reviews: https://www.youtube.com/playlist?list=PLCwuVhejHgtjQmUvHCCpsoxiKHwddyZKs
‚ñ∂ Shokz OpenRun Pro 2: https://youtu.be/pBtbcp7jfR0 
‚ñ∂ Nothing Ear review and comparison: https://youtu.be/iXnveSlOAFM
‚ñ∂ Samsung Galaxy Buds3 Pro Review: https://youtu.be/-oS7RhrIFSA

CHANNEL MEMBERSHIP
Gain access to exclusive content like custom EQ for earbuds and headphones, BTS, extra content, and more ‚ñ∂ https://www.youtube.com/thisistechtoday/join

FOLLOW
‚ñ∂ Discord - https://myte.ch/discord
‚ñ∂ Twitter - https://twitter.com/thisistechtoday
‚ñ∂ Instagram - https://instagram.com/thisistechtoday
‚ñ∂ TikTok - https://tiktok.com/@thisistechtoday
‚ñ∂ Facebook - https://facebook.com/thisistechtoday
‚ñ∂ Website - http://www.thisistechtoday.com

MY TECH
‚ñ∂ The Mic I use in the STUDIO: https://myte.ch/studiomic
‚ñ∂ The ON-CAMERA mic I use while on the go: https://myte.ch/oncammic
‚ñ∂ Where I got my Wood Slat Walls:  https://myte.ch/slatwalls
‚ñ∂ The Music I use - https://myte.ch/musicbed
‚ñ∂ The #1 tool I use as a YouTuber - https://www.tubebuddy.com/thisistechtoday
‚ñ∂ My Amazon Storefront - https://myte.ch/amazon
‚ñ∂ This video is proudly edited using Blackmagic Davinci Resolve (FREE): https://myte.ch/davinciresolve

BUSINESS & SPONSORSHIPS ‚ñ∂ business -at- ricebowlmedia.com

WANT TO SEND ME SOMETHING?
This is Tech Today
4261 E University Dr #30-200
Prosper TX, 75078
 
CHAPTERS
0:00 Intro
0:18 Hardware, Design, Fit, and Interactions
2:40 Battery and Connectivity
4:29 Microphones and Tests
6:04 ANC and Transparency
8:16 Audio Quality
9:33 Are the Apple AirPods 4 For You?
10:19 Are the Apple AirPods 4 For me?
11:01 Disclosures

#AriPods4 #appleAirPods #AppleAirPods4

DISCLOSURES
As an Amazon Associate, I earn from qualifying purchases. I utilize affiliate links and may receive a commission from them. At times, I may receive items for review from various brands. Despite that, I promise to always provide an honest and unbiased review because you deserve the best.

All sponsorships will be clearly stated because transparency, integrity, and trust are essential to me. It is also a part of FTC law. We would never accept payment from a company to make harmful content about another company. You're just upset you didn't hear what you wanted to hear.

Any discussion, comments, opinions, etc., regarding anything financial or business-related should not be construed as financial advice.

Please find out more about our ethics policy and what investments: *coming soon.*",https://i.ytimg.com/vi/CwaZ47RUjoU/hqdefault.jpg
@ThisIsTechToday,TJqTr8_w588,Apple iPhone 16 Pro Max: In-Depth Camera Review (Shot in South Korea),2024-10-21T12:18:59Z,PT15M12S,2591,107,0,28,"The Apple iPhone 16 Pro Max is Apple's most powerful smartphone yet, with the most capable camera in iPhone history. I wanted to test the iPhone 16 Pro Max by using it as my only camera on a trip to South Korea. This iPhone 16 Pro Max camera review and VLOG was filmed on the iPhone 16 Pro Max.

Purchase the @SoundcoreAudio  soundcore AeroFit 2: https://myte.ch/0Wb7H
‚ñ∂  On Amazon: https://myte.ch/bH89N (sponsored)

LINKS TO BUY
‚ñ∂ Apple iPhone 16 Pro Max: https://howl.link/4of43978pazu2
‚ñ∂ Kondor Blue Stalman Clamp: https://geni.us/ZPb68E0
‚ñ∂ Kondor Blue Angelbird MagSafe SD Card Reader: https://geni.us/rHsQAF
‚ñ∂  LUTs from my friend @EvanSchneider https://lutcompany.com/
*Most of these links are affiliate links

WATCH MORE
‚ñ∂ 

CHANNEL MEMBERSHIP
Gain access to exclusive content like custom EQ for earbuds and headphones, BTS, extra content, and more ‚ñ∂ https://www.youtube.com/thisistechtoday/join

FOLLOW
‚ñ∂ Discord - https://myte.ch/discord
‚ñ∂ Twitter - https://twitter.com/thisistechtoday
‚ñ∂ Instagram - https://instagram.com/thisistechtoday
‚ñ∂ TikTok - https://tiktok.com/@thisistechtoday
‚ñ∂ Facebook - https://facebook.com/thisistechtoday
‚ñ∂ Website - http://www.thisistechtoday.com

MY TECH
‚ñ∂ The Mic I use in the STUDIO: https://myte.ch/studiomic
‚ñ∂ The ON-CAMERA mic I use while on the go: https://myte.ch/oncammic
‚ñ∂ Where I got my Wood Slat Walls:  https://myte.ch/slatwalls
‚ñ∂ The Music I use - https://myte.ch/musicbed
‚ñ∂ The #1 tool I use as a YouTuber - https://www.tubebuddy.com/thisistechtoday
‚ñ∂ My Amazon Storefront - https://myte.ch/amazon
‚ñ∂ This video is proudly edited using Blackmagic Davinci Resolve (FREE): https://myte.ch/davinciresolve

BUSINESS & SPONSORSHIPS ‚ñ∂ business -at- ricebowlmedia.com

WANT TO SEND ME SOMETHING?
This is Tech Today
4261 E University Dr #30-200
Prosper TX, 75078
 
CHAPTERS
0:00 Intro
0:16 What Rig I‚Äôm using to Film this video with
0:30 Cats
0:46 The Flight Experience to South Korea
1:00 A buggy issue with Photographic Styles
1:11 24 Hours Later
1:29 The Next Day
1:43 Why am I in South Korea?
1:57 What this video will be focusing on and what app I‚Äôm using
2:30 I‚Äôm using the iPhone mic for the whole video
2:36 The notable benefit of the new Ultra-Wide lens
2:55 The first day and what we learned
3:23 Low Light Video Test (Ultra-Wide)
3:42 Food and a neat observation about South Korea
4:00 An option for earbuds that don‚Äôt go in your ears (not filmed on iPhone)
4:53 Comparing the optical video quality between the Ultra-Wide and Main lens
5:22 Apparently, LG has EV Chargers
5:53 A notable benefit of using the native camera app when filming in Apple Log over third-party apps
6:17 Photo Samples
6:23 Food!
6:40 Are the Lens Flares Better?
6:48 Video and photo Tests - Cultural Day at a Traditional Market
7:48 A rare opportunity at an LG Innovation Gallery and my thoughts on using the iPhone as my only camera
8:42 Another thing I noticed in South Korea
8:53 More thoughts and tips on using the iPhone as a main camera
9:24 Do professions use a ‚Äúreal camera‚Äù or a smartphone?
9:38 Cultural Day at a Market and LG Museum
9:42 Food! Live squid!
10:59 More Food
11:08 Audio Mix and Mic Tests
11:25 I still love action mode
11:47 A difference between stabilization on the Kino app and the Stock app 
11:53 Cultural Day City Tour at the Temple
12:26 iPhone 16 Pro Max 120 FPS Montage 
13:09 The pains of 4K 120 FPS
13:22 Overheating issues persist
13:30 More photos
13:40 Things I hope Apple changes soon
13:52 Another observation about South Korea
14:14 My thoughts on Photographic Styles and my preferred style
14:35 Food!
14:46 Disclosures and where I‚Äôm heading to next üëÄ

DISCLOSURES
As an Amazon Associate, I earn from qualifying purchases. I utilize affiliate links and may receive a commission from them. At times, I may receive items for review from various brands. Despite that, I promise to always provide an honest and unbiased review because you deserve the best.

All sponsorships will be clearly stated because transparency, integrity, and trust are essential to me. It is also a part of FTC law. We would never accept payment from a company to make harmful content about another company. You're just upset you didn't hear what you wanted to hear.

Any discussion, comments, opinions, etc., regarding anything financial or business-related should not be construed as financial advice.

Please find out more about our ethics policy and what investments: *coming soon.*",https://i.ytimg.com/vi/TJqTr8_w588/hqdefault.jpg
@ThisIsTechToday,ThmKbekcisg,AUDIO ENGINEER Reviews the Nothing Ear (Open) Headphones,2024-09-28T14:00:32Z,PT6M32S,48608,983,0,107,"The Nothing Ear (open) is an outer-ear open-ear earbud designed for those who don't like having earbuds in their ears. It helps you be more aware and matches the design of more fitness wearable earbuds. In this review of Nothing Ear (open), I share my thoughts from an audio engineer's perspective regarding its sound, microphone quality, fit, and more.

In-scene Media brought to you by Audible

LINKS TO BUY
‚ñ∂ Purchase the Nothing Ear (Open): https://geni.us/mIvd42r
‚ñ∂ Purchase the Nothing Ear (2024): https://geni.us/DBIY5
‚ñ∂ Purchase the Nothing Ear (a): https://geni.us/Uvbv
*Most of these links are affiliate links

WATCH MORE
‚ñ∂ Nothing Ear (2024) vs. Ear (a) vs. Ear (2): https://youtu.be/iXnveSlOAFM
‚ñ∂ Nothing Ear (2024) & Ear (a) Reviewed by an Audiophile and Audio Engineer: https://youtu.be/I6FQrWE2NfI
‚ñ∂ Playlist of all of my Audio Videos: https://www.youtube.com/playlist?list=PLCwuVhejHgtjQmUvHCCpsoxiKHwddyZKs

CHANNEL MEMBERSHIP
Gain access to exclusive content like custom EQ for earbuds and headphones, BTS, extra content, and more ‚ñ∂ https://www.youtube.com/thisistechtoday/join

FOLLOW
‚ñ∂ Discord - https://myte.ch/discord
‚ñ∂ Twitter - https://twitter.com/thisistechtoday
‚ñ∂ Instagram - https://instagram.com/thisistechtoday
‚ñ∂ TikTok - https://tiktok.com/@thisistechtoday
‚ñ∂ Facebook - https://facebook.com/thisistechtoday
‚ñ∂ Website - http://www.thisistechtoday.com

MY TECH
‚ñ∂ The Mic I use in the STUDIO: https://myte.ch/studiomic
‚ñ∂ The ON-CAMERA mic I use while on the go: https://myte.ch/oncammic
‚ñ∂ Where I got my Wood Slat Walls:  https://myte.ch/slatwalls
‚ñ∂ The Music I use - https://myte.ch/musicbed
‚ñ∂ The #1 tool I use as a YouTuber - https://www.tubebuddy.com/thisistechtoday
‚ñ∂ My Amazon Storefront - https://myte.ch/amazon
‚ñ∂ This video is proudly edited using Blackmagic Davinci Resolve (FREE): https://myte.ch/davinciresolve

BUSINESS & SPONSORSHIPS ‚ñ∂ business -at- ricebowlmedia.com

WANT TO SEND ME SOMETHING?
This is Tech Today
4261 E University Dr #30-200
Prosper TX, 75078
 
CHAPTERS
0:00 Intro
0:15 Hardware, Design, Comfort, and Interactions
2:03 Battery, Connectivity, and AI
3:06 Microphones
3:25 MICROPHONE TESTS
3:52 Sound Quality
5:11 Is the Nothing Ear (Open) for you?
5:44 Is the Nothing Ear (Open) for me?
6:15 Disclosures

DISCLOSURES
As an Amazon Associate, I earn from qualifying purchases. I utilize affiliate links and may receive a commission from them. At times, I may receive items for review from various brands. Despite that, I promise to always provide an honest and unbiased review because you deserve the best.

All sponsorships will be clearly stated because transparency, integrity, and trust are essential to me. It is also a part of FTC law. We would never accept payment from a company to make harmful content about another company. You're just upset you didn't hear what you wanted to hear.

Any discussion, comments, opinions, etc., regarding anything financial or business-related should not be construed as financial advice.

Please find out more about our ethics policy and what investments: *coming soon.*",https://i.ytimg.com/vi/ThmKbekcisg/hqdefault.jpg
@ThisIsTechToday,ciR9HfGTlf0,AUDIO ENGINEER REACTS: Apple AirPods 4 and Apple iPhone 16 Pro Max Sound Tests,2024-09-24T14:00:30Z,PT14M54S,5919,184,0,35,"The Apple iPhone 16 Pro Max has a new camera control button, iOS 18, and a desert titanium color. I looked at the latest iPhone 16 Pro Max, compared the desert titanium with natural titanium, and tested the speakers to see if there was a difference. I also tested the AirPods 4 to see how well the ANC performs with its outer ear design and new shape.

Check out accessories from TORRAS: https://myte.ch/3QDdm (ad)
In-scene Media brought to you by Audible

LINKS TO BUY
‚ñ∂ Apple iPhone 16 Pro Max and Pro: https://howl.me/cm9ZBF3OD1i
‚ñ∂ Apple AirPods 4 with ANC: https://howl.me/cm9ZCQOrFkU
*Most of these links are affiliate links

WATCH MORE
‚ñ∂ Apple AirPods Pro 2 Review: https://youtu.be/hBeAVKB2hAc
‚ñ∂ Apple HomePods 2 Review: https://youtu.be/DPZ11P6ojpE
‚ñ∂ Samsung Galaxy Buds 3 Pro Review: https://youtu.be/-oS7RhrIFSA

CHANNEL MEMBERSHIP
Gain access to exclusive content like custom EQ for earbuds and headphones, BTS, extra content, and more ‚ñ∂ https://www.youtube.com/thisistechtoday/join

FOLLOW
‚ñ∂ Discord - https://myte.ch/discord
‚ñ∂ Twitter - https://twitter.com/thisistechtoday
‚ñ∂ Instagram - https://instagram.com/thisistechtoday
‚ñ∂ TikTok - https://tiktok.com/@thisistechtoday
‚ñ∂ Facebook - https://facebook.com/thisistechtoday
‚ñ∂ Website - http://www.thisistechtoday.com

MY TECH
‚ñ∂ The Mic I use in the STUDIO: https://myte.ch/studiomic
‚ñ∂ The ON-CAMERA mic I use while on the go: https://myte.ch/oncammic
‚ñ∂ Where I got my Wood Slat Walls:  https://myte.ch/slatwalls
‚ñ∂ The Music I use - https://myte.ch/musicbed
‚ñ∂ The #1 tool I use as a YouTuber - https://www.tubebuddy.com/thisistechtoday
‚ñ∂ My Amazon Storefront - https://myte.ch/amazon
‚ñ∂ This video is proudly edited using Blackmagic Davinci Resolve (FREE): https://myte.ch/davinciresolve

BUSINESS & SPONSORSHIPS ‚ñ∂ business -at- ricebowlmedia.com

WANT TO SEND ME SOMETHING?
This is Tech Today
4261 E University Dr #30-200
Prosper TX, 75078
 
CHAPTERS
0:00 Intro
0:14 Apple iPhone 16 Pro Max Unboxing & Colors
0:59 Charging Speed changes
1:27 How much bigger is the Apple iPhone 16 Pro Max
1:44 Screen Size difference
2:16 The Tempered Glass Screen protector that I'm using now & case options from Torras
3:23 Does the iPhone 15 Pro Max feel big?
3:58 Bezel Comparison and Brightness
4:32 Apple Intelligence (AI)
4:39 Camera Control Button
5:30 Photographic Styles
6:12 Camera Control Position Concerns and wishes
6:58 4K 120 FPS
7:14 Apple Log
7:28 Audio Mix / Studio Quality Mics
8:04 Speaker Test Comparison
8:49 Apple AirPods 4 Unboxing
9:15 Hardware Comparisons
9:50 Find My Capability Differences
10:09 No more button?
10:21 A wild Ruby Appears!
10:28 AirPods 4 earbud Shape and comfort comparison with the AirPods 3
11:14 AirPods 4 ANC (Active Noise Cancellation) first impressions
11:52 AirPods 4 Sound Quality and Comparison with the AirPods Pro 2 and AirPods 3
13:46 Interaction differences
14:09 Final thoughts
14:39 Disclosures
14:44 RUBY SAY'S BYE! üòç

DISCLOSURES
As an Amazon Associate, I earn from qualifying purchases. I utilize affiliate links and may receive a commission from them. At times, I may receive items for review from various brands. Despite that, I promise to always provide an honest and unbiased review because you deserve the best.

All sponsorships will be clearly stated because transparency, integrity, and trust are essential to me. It is also a part of FTC law. We would never accept payment from a company to make harmful content about another company. You're just upset you didn't hear what you wanted to hear.

Any discussion, comments, opinions, etc., regarding anything financial or business-related should not be construed as financial advice.

Please find out more about our ethics policy and what investments: *coming soon.*",https://i.ytimg.com/vi/ciR9HfGTlf0/hqdefault.jpg
@ThisIsTechToday,awY7eX8rguw,AUDIO ENGINEER Compares the ONEPLUS BUDS PRO 3 vs. Buds Pro 2,2024-09-20T16:00:04Z,PT11M59S,23839,579,0,165,"The OnePlus Buds Pro 3 is the latest release from OnePlus in partnership with Dynaudio. They say it has even better ANC, Transparency, microphones, and sound than ever. In this video, I used my experience as an audio engineer to test and compare the OnePlus Buds Pro 3 and the OnePlus Buds Pro 2.

Thanks to OnePlus for sponsoring this showcase.

LINKS TO BUY
‚ñ∂  Purchase the OnePlus Buds Pro 3: https://myte.ch/WsvJP
*Most of these links are affiliate links

WATCH MORE
‚ñ∂ A link to a playlist of all of my audio reviews, comparisons, and showcases: https://www.youtube.com/playlist?list=PLCwuVhejHgtjQmUvHCCpsoxiKHwddyZKs
‚ñ∂ OnePlus 12 Review: https://youtu.be/2VrsiNWvFgQ
‚ñ∂ OnePlus Open Review: https://youtu.be/K8jF6shTkAg

CHANNEL MEMBERSHIP
Gain access to exclusive content like custom EQ for earbuds and headphones, BTS, extra content, and more ‚ñ∂ https://www.youtube.com/thisistechtoday/join

FOLLOW
‚ñ∂ Discord - https://myte.ch/discord
‚ñ∂ Twitter - https://twitter.com/thisistechtoday
‚ñ∂ Instagram - https://instagram.com/thisistechtoday
‚ñ∂ TikTok - https://tiktok.com/@thisistechtoday
‚ñ∂ Facebook - https://facebook.com/thisistechtoday
‚ñ∂ Website - http://www.thisistechtoday.com

MY TECH
‚ñ∂ The Mic I use in the STUDIO: https://myte.ch/studiomic
‚ñ∂ The ON-CAMERA mic I use while on the go: https://myte.ch/oncammic
‚ñ∂ Where I got my Wood Slat Walls:  https://myte.ch/slatwalls
‚ñ∂ The Music I use - https://myte.ch/musicbed
‚ñ∂ The #1 tool I use as a YouTuber - https://www.tubebuddy.com/thisistechtoday
‚ñ∂ My Amazon Storefront - https://myte.ch/amazon
‚ñ∂ This video is proudly edited using Blackmagic Davinci Resolve (FREE): https://myte.ch/davinciresolve

BUSINESS & SPONSORSHIPS ‚ñ∂ business -at- ricebowlmedia.com

WANT TO SEND ME SOMETHING?
This is Tech Today
4261 E University Dr #30-200
Prosper TX, 75078
 
CHAPTERS
0:00 Intro
1:04 SONG SAMPLE:  Female Vocal (Soul)
1:43 Hardware & Design
2:35 SONG SAMPLE: Male Vocal (Funk)
3:06 Battery & Connectivity
3:43 SONG SAMPLE: Singer-Songwriter (Acoustic)
4:33 ANC & Transparency
5:26 TESTS: ANC & Transparency
7:46 SONG SAMPLE: Male Vocal (Rock)
8:26 Microphones
8:42 TESTS: Microphones
9:36 SONG SAMPLE: Cinematic (Hannah Parrott)
10:13 Sound and Sound Quality 
11:45 SOUND SAMPLE (custom EQ): Surf Rock
12:13 Final Thoughts

DISCLOSURES
As an Amazon Associate, I earn from qualifying purchases. I utilize affiliate links and may receive a commission from them. At times, I may receive items for review from various brands. Despite that, I promise to always provide an honest and unbiased review because you deserve the best.

All sponsorships will be clearly stated because transparency, integrity, and trust are essential to me. It is also a part of FTC law. We would never accept payment from a company to make harmful content about another company. You're just upset you didn't hear what you wanted to hear.

Any discussion, comments, opinions, etc., regarding anything financial or business-related should not be construed as financial advice.

Please find out more about our ethics policy and what investments: *coming soon.*",https://i.ytimg.com/vi/awY7eX8rguw/hqdefault.jpg
@CreatedbyEllaYT,ZoTCq6zunl0,iPhone 16 PRO MAX Review With Apple Intelligence | Finally Great?,2024-10-30T13:00:49Z,PT12M1S,106116,3117,0,282,"Apple Intelligence is finally here. Does it complete the iPhone 16 Pro Max? Hope you enjoyed this review and let me know your thoughts in the comments üí≠

‚ùÄ my socials ‚ùÄ
üì∏ Instagram - https://www.instagram.com/createdbyella
üé∂ TikTok - https://www.tiktok.com/@createdbyellayt
üê¶ Twitter - https://twitter.com/CreatedbyElla
üõí My Tech Setup - https://www.amazon.com/shop/createdbyella
üìß For business inquiries, contact: createdbyellayt@gmail.com

‚ùÄ music used ‚ùÄ
Music from Epidemic Sound. Get a 30-day free trial here: https://share.epidemicsound.com/myzcas 

‚ùÄ disclosure ‚ùÄ
This video is not sponsored.",https://i.ytimg.com/vi/ZoTCq6zunl0/hqdefault.jpg
@CreatedbyEllaYT,e_utOqzf5j0,"Finally, an OLED TV with THIS!! | Samsung S95D TV",2024-09-28T12:00:46Z,PT6M55S,43150,1621,0,139,"Check out the Samsung S95D TV here: https://www.samsung.com/us/televisions-home-theater/tvs/oled-tvs/77-class-oled-s95d-qn77s95dafxza/
Have you ever seen an OLED TV with an OLED Glare Free Coating? Let's see what the Samsung S95D TV is actually like.

@Samsung @SamsungUS 

‚ùÄ disclosure ‚ùÄ
This video is sponsored by Samsung.
#SamsungPartner #OLED #BestTV #SamsungAITV #BestAITV #Samsung",https://i.ytimg.com/vi/e_utOqzf5j0/hqdefault.jpg
@CreatedbyEllaYT,FLrbO71yQUA,AMD‚Äôs New Processor is NOT What You Think | Lenovo Yoga Pro 7,2024-09-07T13:00:12Z,PT5M17S,113201,1018,0,72,"Check out the Lenovo Yoga series here: https://www.lenovo.com/yoga

‚ùÄ my socials ‚ùÄ
üì∏ Instagram - https://www.instagram.com/createdbyella
üé∂ TikTok - https://www.tiktok.com/@createdbyellayt
üê¶ Twitter - https://twitter.com/CreatedbyElla
üõí My Tech Setup - https://www.amazon.com/shop/createdbyella
üìß For business inquiries, contact: createdbyellayt@gmail.com

‚ùÄ disclosure ‚ùÄ
This video is sponsored by Lenovo and AMD.",https://i.ytimg.com/vi/FLrbO71yQUA/hqdefault.jpg
@CreatedbyEllaYT,CUOzCh_Pcrg,SAMSUNG vs APPLE | Everything* Compared,2024-08-11T14:00:14Z,PT15M24S,429805,13070,0,1037,"I compared the latest products from Samsung and Apple in major categories where they compete. Watch to see which one is better for each. Let me know your thoughts below ‚¨áÔ∏è
 
‚ùÄ related videos ‚ùÄ
Windows on ARM video: https://youtu.be/wZYpHXoSv98?si=lwVSAhFw-5u8L5NN
S24 Ultra vs iPhone 15 Pro Max battery test: https://youtu.be/wVvZVVEi9fE?si=sKTkeGJdvVU5D62j

‚ùÄ my socials ‚ùÄ
üì∏ Instagram - https://www.instagram.com/createdbyella
üé∂ TikTok - https://www.tiktok.com/@createdbyellayt
üê¶ Twitter - https://twitter.com/CreatedbyElla
üõí My Tech Setup - https://www.amazon.com/shop/createdbyella
üìß For business inquiries, contact: createdbyellayt@gmail.com

‚ùÄ timestamps ‚ùÄ
0:00 - Laptops
2:13 - Earbuds
5:08 - Smartwatches 
7:34 - Tablets 
9:51 - Flagship phones
12:56 - Small phones
14:18 - Bonus round 
15:04 - Winner

‚ùÄ music used ‚ùÄ
Music from Epidemic Sound. Get a 30-day free trial here: https://share.epidemicsound.com/myzcas 

‚ùÄ disclosure ‚ùÄ
This video is not sponsored.",https://i.ytimg.com/vi/CUOzCh_Pcrg/hqdefault.jpg
@CreatedbyEllaYT,ulXeKHtePDI,Galaxy Z FLIP 6 Review | More Than Just CUTE Now,2024-07-29T13:00:58Z,PT15M7S,270447,14985,0,482,"This is my review of the Samsung Galaxy Z Flip 6. I've spent more than 2 weeks living with it and I gotta say, it's more than just cute now. Hope you enjoyed this video and let me know what you think below üíì

‚ùÄ products shown in vid (affiliate) ‚ùÄ
Z Flip 6: https://howl.me/cmEYreheIJX

‚ùÄ my socials ‚ùÄ
üì∏ Instagram - https://www.instagram.com/createdbyella
üé∂ TikTok - https://www.tiktok.com/@createdbyellayt
üê¶ Twitter - https://twitter.com/CreatedbyElla
üõí My Tech Setup - https://www.amazon.com/shop/createdbyella
üìß For business inquiries, contact: createdbyellayt@gmail.com

‚ùÄ timestamps ‚ùÄ
0:00 - Intro 
0:22 - Design
1:11 - Screen 
3:16 - Cameras 
8:32 - Cover Screen 
11:18 - Software 
13:07 - Performance 
14:15 - Battery Life 

‚ùÄ music used ‚ùÄ
Music from Epidemic Sound. Get a 30-day free trial here: https://share.epidemicsound.com/myzcas 

‚ùÄ disclosure ‚ùÄ
This video is not sponsored.",https://i.ytimg.com/vi/ulXeKHtePDI/hqdefault.jpg
@ChigzTech,2VK_awDJ_ss,"Powerful BuzzTV Powerstation 6 - Android TV, RK3588, 8GB + 128GB - Any Good?",2024-11-17T08:31:03Z,PT10M52S,4559,232,0,27,"Want to know if the BuzzTV Powerstation 6 is any good? Check out this video review of the powerful Android TV box and see if it's worth the investment!

Get Your BuzzTV Powerstation 6

‚úÖ  Official:  https://bit.ly/4fNgBkU
‚ñ∂Ô∏è  TV Box Chart: https://bit.ly/48GJZWv
--

BuzzTV Powerstation 6 Specs:
* Rockchip RK3588 Dual / Quad Core 
* GPU: Mali G610
* 8GB / 16GB DDR4 RAM 
* 128GB eMMC
* NVMe Expansion upto 2T
* WIFI 6 (2T/2R) / GIGABIT LAN 
* Android 13
* PVR + TimeShift features
* HDMI v2.1
* Supports 8K 60Hz
* HDR10+ / AV1
* BT + IR Remote 
--

Subscribe to the channel for lots more content: 
‚ñ∂Ô∏è http://youtube.com/@ChigzTech

Other Useful Stuff
‚ñ∂Ô∏è Ebay Deals:  https://ebay.to/3hnJPbr
‚ñ∂Ô∏è Best Amazon Deals: https://amzn.to/3mj0tg0

Follow my Socials for news, updates and giveaways:
‚ñ∂Ô∏è Twitter: http://twitter.com/ChigzTechReview
‚ñ∂Ô∏è Facebook: http://facebook.com/ChigzTechReviews
‚ñ∂Ô∏è Instagram: https://www.instagram.com/ChigzTechReview/
‚ñ∂Ô∏è Official Website: http://ChigzTech.com


--
#BuzzTV #PowerStation6 #AndroidTVBox #Android13 #atv #streamingbox #pvr",https://i.ytimg.com/vi/2VK_awDJ_ss/hqdefault.jpg
@ChigzTech,4wHkhxit_sU,MIND BLOWING MacBook Pro M4 Speed Test Results! - Massive Upgrades!,2024-11-08T17:45:58Z,PT12M48S,31718,493,0,65,"Get a first look at the 2024 MacBook Pro M4 in this unboxing video. See the mind-blowing power and performance of this new model!

Get your MacBook Pro from: 
‚ñ∂Ô∏è  US:  https://amzn.to/3ULgA93
‚ñ∂Ô∏è  UK:  https://amzn.to/4emZepO

MacBook Pro (2024)
* 14.2‚Äù Liquid Retina XDR 120hz (adaptive)
* Resolution: 3024 x 1964 
* 1,000,000:1 Dynamic Contrast 
* Upto 1600nits Peak Brightness
* Dolby Vision, HDR10+, HLG
* CPU: Apple M4 10 Core 3.9Ghz
* 16GB RAM
* 512GB SSD Storage
* WIFI 6E, BT 5.3, 
* Three TB4 (Supports Charging)
* MagSage 3 Charging Port
* HDMI, SDXC, headphone jack 
* MacOS Ventura 
* 1080P Web Cam (12MP)
* Backlit Keyboard 
* 6 Speakers Built-in (Spatial Audio)
* 31.26cm x 22.12 x 1.5cm
* 1.55kg
--

Chapters:
00:00  Intro
00:19  Unboxing MacBook Pro 2024
03:20  Price / Design
05:02  Keyboard
05:21  Display 
06:01  Apple M4
07:21   Benchmarks 
09:40  Netflix / Youtube Test
10:13  iPhone Mirroring
10:52  Final Thoughts
--

#macbookproM4 #applemacbookpro #m4chip #AppleMac #apple #macbookprom4, #m4macbookpro, #macbookpro, #m4pro, #MacBook, #14inchmacbookpro, #m4promacbookpro, #macbookprom4pro, #m4macbookprofeatures",https://i.ytimg.com/vi/4wHkhxit_sU/hqdefault.jpg
@ChigzTech,iXa5Bk0pu0w,Xiaomi Redmi Watch 5 Lite vs Active: Which ONE Should You Buy?,2024-11-05T19:18:43Z,PT13M21S,22931,293,0,32,"In this video, we're putting the Xiaomi Redmi Watch 5 Lite to the test to see if it's a better option than the Active model. We'll dive into the key features, design, and performance of the Redmi Watch 5 Lite and compare it to the Active to help you decide which one is right for you. If you're in the market for a budget-friendly smartwatch, this video is a must-watch!

Xiaomi Redmi Watch 5 Active vs Redmi Watch 5 Lite Comparison

‚úÖ Redmi Watch 5 Active
‚ñ∂Ô∏è Official:  https://bit.ly/3AuE9fq

‚úÖ Redmi Watch 5 Lite
‚ñ∂Ô∏è Official:  https://bit.ly/3UC2MgU


Redmi watch 5 Active Specs:
* 2‚Äù LCD
* 320 x 385 / 250ppi
* BT 5.3, 5ATM
* Xiaomi HyperOS
* Android or iOS
* Supports BT Calls 
* HR, SPO2, Sleep
* Accelerometer
* NO GPS
* 150+ Sports Modes
* 470mAh Battery (18 Days)
* Quick Release Straps
* 49.1mm x 40.4mm /  11.4mm / 30.6g (without Straps)
* Mi Fitness APP (Android/iOS)
* Black 
* 49.1mm x 40.4mm x 11.4mm
* 43.9g

- Plastic watch case with metal spray coating 


Xiaomi Watch 5 Lite Specs:
* 1.96‚Äù AMOLED 
* 410 x 502 / 332ppi
* BT 5.3, 5ATM
* Xiaomi HyperOS
* Android or iOS
* Supports BT Calls 
* HR, SPO2, Sleep
* Accelerometer
* Gyroscope, GPS 
* 150+ Sports Modes
* 470mAh Battery (18 Days)
* Quick Release Straps
* 48.1mm x 39.2mm /  10.6mm / 29.2g (without Straps)
* Mi Fitness APP (Android/iOS)
* Black 
* 48.1mm x 39.2mm x 10.6mm
* 42.5g


Chapters:
00:00  Intro
00:24  Specs
00:56  Price
01:28   Design
02:36   BT Call Test
03:47   5ATM
04:26  Wrist Straps
05:05   Displays
06:12    Dimensions 
06:55   On Wrist
07:13    Health Sensors 
07:38   Battery 
08:17   Voice Assistants 
09:20   Health Sensor Test
11:00    iOS & Android
11:19    Watch Faces
12:00   Final Thoughts 
--

#Xiaomi #redmiwatch5active #Redmiwatch5Lite #smartband #smartwatch #smartwatchcomparison #fitnessband #fitnesswatch",https://i.ytimg.com/vi/iXa5Bk0pu0w/hqdefault.jpg
@ChigzTech,yro-CI984mE,Testing the NEW Google TV Streamer 4K - Worth the Money?,2024-11-04T09:17:10Z,PT9M30S,19716,421,0,75,"Take your streaming experience to the next level with the Google TV Streamer! In this video, we'll show you how to easily stream your favorite content in stunning 4K resolution. From setting up the device to exploring its features, we've got you covered. Whether you're a tech newbie or a seasoned streamer, this video will guide you through the process of getting started with Google TV Streamer and unlocking its full potential. So sit back, relax, and let's dive into the world of 4K streaming made easy!

Google TV Streamer 4K
‚úÖ  US:  https://amzn.to/48tLU1K 
‚úÖ  UK:  https://amzn.to/3NJCUMm 
--
‚ñ∂Ô∏è  TV Box Ranking Chart: https://bit.ly/48GJZWv


Specs:
Mediatek MT8696 Quad-core 1.8Ghz
4GB RAM + 32GB ROM
5Ghz Wifi AC / BT 5.1  / Gigabit LAN
Official Google TV 14
Google Assistant / Chromecast 
HDMI v2.1
Supports 4K HDR 60fps 
Supports Dolby Vision, HDR10+ / HLG
Supports Dolby Atmos, Dolby Digital Plus 
BT Voice Remote
5 Years Security Updates
--


Chapters:
00:00  Intro 
00:29  Unbox
01:01   Price
01:06  Specs
01:50  Design 
02:15  Boot-up Test
02:24  Google TV 14
04:29  4K Videos from USB
05:21   YouTube 4K 
05:58  Netflix/Prime Video
06:21   Gaming Test
06:45  Sys/Benchmark
07:10  Chart Ranking 
07:56  Pros & Cons
---

#GoogleTVStreamer4K, #TVStreamer4K #googletv #androidtv #tvbox #GoogleStreamingSetup #NewGoogleTV #dolbyatmos #dolbyvision  

--",https://i.ytimg.com/vi/yro-CI984mE/hqdefault.jpg
@ChigzTech,w9EbwjnpKaA,Powerful GEEKOM GT13 Pro Mini Gaming PC Review - CORE i9 (13900H) - Any Good?,2024-10-25T14:54:55Z,PT12M8S,4030,173,0,9,"GEEKOM GT13 Pro
‚úÖ Official:   https://bit.ly/3NmDLma 
‚úÖ US:  https://amzn.to/4hlVrMs
---
‚ñ∂Ô∏è  TV Box Chart:  https://bit.ly/41NAS3W

--

Specs:
* Intel Core i9-13900H 14-Core / 20 Threads
* Clock Speeds: 2.6Ghz / 5.4Ghz / 35W TDP 
* GPU: Intel Iris XE
* 32GB DDR5 RAM (64GB Max) 
* (Dual Ch 5600Mhz, 2* 16GB)
* 2TB M.2 SSD (NVME PCIE Gen 4) (2TB Max)
* Spare M.2 2242 SSD Slot
* WIFI 6E / BT 5.2 / 2.5 GIGABIT LAN 
* 3* USB-A 3.2, 1* USB-A 2.0
* 2* USB4 (Type-C), 2* HDMI 2.0
* SD Card Slot
* Windows 11 Pro
* Quad 4K Display Output 
* (2*HDMI 2.0, 2*USB-C 4.0)
* Built-in Cooling Fan 
--

Chapters:
00:00  Intro
00:17  Price
00:24  Specs
01:32  Unbox
01:55  Design
02:22  Ports
03:16  Tear-down
04:44  Boot-up Test
04:53  Windows 11 Pro
05:11  System Info
05:51  4K from USB
07:02  4K YouTube Test
07:40  4K Netflix Test
07:46   GTA 5 (Gaming)
08:10   A Plague Tale (Gaming)
08:46  Undisputed (Gaming)  
09:08   WWE 2K24 (Gaming)
09:52   Benchmarks 
10:07   Chart Ranking 
10:50   Final Thoughts
--

#geekom #GT13Pro #intelcorei9 #13900H",https://i.ytimg.com/vi/w9EbwjnpKaA/hqdefault.jpg
